wnum_cm-1,wavelength_um,freq_Hz,freq_GHz,n,k,R,D
9000.0,1.379,269813212200000.0,269813.2122,1.001,3.65e-07,2.497502206479835e-07,0.9999997502497794
8900.0,1.394,266815287620000.0,266815.28762,1.001,3.56,0.7599175085193608,0.2400824914806392
8000.0,1.551,239833966400000.0,239833.9664,1.001,5.38e-07,2.4975025966369823e-07,0.9999997502497403
4000.0,3.102,119916983200000.0,119916.9832,1.0,6.62e-06,1.0956099999879964e-11,0.9999999999890439
3000.0,4.136,89937737400000.0,89937.7374,1.0,9.49e-05,2.251502494930737e-09,0.9999999977484975
1500.0,8.271,44968868700000.0,44968.8687,1.0,0.000273,1.8632249652839273e-08,0.9999999813677504
1200.0,10.339,35975094960000.0,35975.09496,0.999,6.24,0.9069260461054733,0.09307395389452666
1100.0,11.279,32977170380000.0,32977.17038,0.999,8.23,0.9442902380450523,0.0557097619549477
1000.0,12.407,29979245800000.0,29979.2458,0.999,8.51,0.9477073555480146,0.05229264445198545
900.0,13.786,26981321220000.0,26981.32122,1.0,1.74,0.4308156411861802,0.5691843588138198
800.0,15.509,23983396640000.0,23983.39664,0.999,2.63,0.6338278886613192,0.3661721113386808
700.0,17.724,20985472060000.0,20985.47206,0.998,3.95,0.7962694028897083,0.20373059711029173
600.0,20.678,17987547480000.0,17987.54748,0.997,0.000651,2.363033784162457e-06,0.9999976369662158
500.0,24.814,14989622900000.0,14989.6229,0.997,0.00111,2.565715583586157e-06,0.9999974342844165
400.0,31.018,11991698320000.0,11991.69832,0.993,2.45,0.6017865068385548,0.39821349316144516
300.0,41.357,8993773740000.0,8993.77374,0.988,0.00513,4.309452436088161e-05,0.9999569054756391
200.0,62.035,5995849160000.0,5995.84916,0.978,0.0159,0.0001883106469407537,0.9998116893530592
150.0,82.713,4496886870000.0,4496.88687,0.969,3.1,0.7126113139943091,0.2873886860056909
120.0,103.392,3597509496000.0,3597.509496,0.965,5.4,0.8831054874554171,0.11689451254458294
110.0,112.791,3297717038000.0,3297.717038,0.968,5.99,0.9025988498413358,0.09740115015866424
105.0,118.162,3147820809000.0,3147.820809,0.968,6.25,0.9098182661052419,0.09018173389475814
100.0,124.07,2997924580000.0,2997.92458,0.967,6.53,0.9168350695589285,0.08316493044107154
95.0,130.6,2848028351000.0,2848.028351,0.965,6.93,0.9256063157539708,0.07439368424602921
92.0,134.859,2758090613600.0,2758.0906136,0.963,7.44,0.9349400912585137,0.06505990874148626
90.0,137.856,2698132122000.0,2698.132122,0.963,7.88,0.941590139311612,0.05840986068838805
88.0,140.989,2638173630400.0,2638.1736304,0.963,8.34,0.9475268478433473,0.052473152156652714
86.0,144.267,2578215138800.0,2578.2151388,0.966,8.77,0.9521652266551203,0.04783477334487973
84.0,147.702,2518256647200.0,2518.2566472,0.969,9.11,0.9553811223998382,0.04461887760016181
83.0,149.482,2488277401400.0,2488.2774014,0.971,9.23,0.9563976369809378,0.043602363019062174
82.0,151.305,2458298155600.0,2458.2981556,0.973,9.34,0.9572909978410775,0.04270900215892248
81.0,153.173,2428318909800.0,2428.3189098,0.974,9.43,0.9580270001017867,0.04197299989821335
80.0,155.088,2398339664000.0,2398.339664,0.977,9.46,0.9581585160337412,0.04184148396625875
79.0,157.051,2368360418200.0,2368.3604182,0.979,9.41,0.9576486298677456,0.04235137013225443
78.0,159.064,2338381172400.0,2338.3811724,0.98,9.36,0.9571725117447831,0.04282748825521687
77.0,161.13,2308401926600.0,2308.4019266,0.982,9.21,0.9557420538733681,0.04425794612663192
76.0,163.25,2278422680800.0,2278.4226808,0.984,9.1,0.9546262838133325,0.04537371618666752
75.0,165.427,2248443435000.0,2248.443435,0.983,8.72,0.9508319854540705,0.04916801454592945
74.0,167.662,2218464189200.0,2218.4641892,0.979,8.5,0.9485862809317819,0.05141371906821812
73.0,169.959,2188484943400.0,2188.4849434,0.977,8.57,0.9494786456072942,0.050521354392705775
72.0,172.32,2158505697600.0,2158.5056976,0.975,8.68,0.9507843119315548,0.04921568806844523
71.0,174.747,2128526451800.0,2128.5264518,0.974,8.81,0.9522038115840884,0.0477961884159116
70.0,177.243,2098547206000.0,2098.547206,0.972,8.93,0.9535115540288767,0.04648844597112334
68.0,182.456,2038588714400.0,2038.5887144,0.968,9.27,0.9568848041694888,0.043115195830511155
66.0,187.985,1978630222800.0,1978.6302228,0.967,0.0963,0.002671923909210255,0.9973280760907898
64.0,193.859,1918671731200.0,1918.6717312,0.965,0.102,0.0030036452356359566,0.996996354764364
62.0,200.113,1858713239600.0,1858.7132396,0.965,0.107,0.003272674126456295,0.9967273258735437
60.0,206.783,1798754748000.0,1798.754748,0.966,0.109,0.0033626194436627774,0.9966373805563372
58.0,213.914,1738796256400.0,1738.7962564,0.964,0.11,0.0034620390365834876,0.9965379609634165
56.0,221.554,1678837764800.0,1678.8377648,0.96,0.114,0.0037866484581004093,0.9962133515418996
54.0,229.759,1618879273200.0,1618.8792732,0.957,0.12,0.004226833381500523,0.9957731666184995
52.0,238.596,1558920781600.0,1558.9207816,0.954,0.126,0.004692758878996097,0.9953072411210039
50.0,248.14,1498962290000.0,1498.96229,0.953,0.134,0.005262038560448209,0.9947379614395518
48.0,258.479,1439003798400.0,1439.0037984,0.952,0.14,0.005719203405620613,0.9942807965943794
46.0,269.717,1379045306800.0,1379.0453068,0.951,0.146,0.006196121604601385,0.9938038783953986
44.0,281.977,1319086815200.0,1319.0868152,0.948,0.151,0.006681065250733137,0.9933189347492669
42.0,295.405,1259128323600.0,1259.1283236,0.942,0.157,0.0073795848433606545,0.9926204151566393
40.0,310.175,1199169832000.0,1199.169832,0.934,0.167,0.00855703384466774,0.9914429661553322
38.0,326.5,1139211340400.0,1139.2113404,0.927,0.18,0.010072538616648452,0.9899274613833515
36.0,344.639,1079252848800.0,1079.2528488,0.922,0.193,0.01161327600618867,0.9883867239938113
34.0,364.912,1019294357200.0,1019.2943572,0.91,0.205,0.013583550692727207,0.9864164493072728
32.0,387.719,959335865600.0,959.3358656,0.891,0.223,0.01699300255681113,0.9830069974431889
30.0,413.567,899377374000.0,899.377374,0.856,0.262,0.02543988979273521,0.9745601102072647
29.0,427.828,869398128200.0,869.3981282,0.849,0.302,0.032480010712235455,0.9675199892877645
28.0,443.107,839418882400.0,839.4188824,0.862,0.346,0.038686725624240255,0.9613132743757598
27.0,459.519,809439636600.0,809.4396366,0.884,0.382,0.04312952930415817,0.9568704706958419
26.0,477.192,779460390800.0,779.4603908,0.921,0.403,0.04377506391704411,0.9562249360829559
25.0,496.28,749481145000.0,749.481145,0.96,0.396,0.039619689397001216,0.9603803106029988
24.0,516.959,719501899200.0,719.5018992,0.961,0.373,0.03529795590578847,0.9647020440942116
23.0,539.435,689522653400.0,689.5226534,0.943,0.366,0.035097929118580375,0.9649020708814197
22.0,563.955,659543407600.0,659.5434076,0.917,0.381,0.03980314393790658,0.9601968560620934
21.0,590.81,629564161800.0,629.5641618,0.897,0.411,0.04765190987198509,0.9523480901280149
20.0,620.35,599584916000.0,599.584916,0.882,0.455,0.05893625120000298,0.941063748799997
19.0,653.0,569605670200.0,569.6056702,0.883,0.507,0.07119554384235781,0.9288044561576422
18.0,689.278,539626424400.0,539.6264244,0.89,0.561,0.08408439699178327,0.9159156030082167
17.0,729.824,509647178600.0,509.6471786,0.913,0.62,0.09692680631330258,0.9030731936866974
16.0,775.438,479667932800.0,479.6679328,0.954,0.673,0.10654184163360492,0.8934581583663951
15.5,800.452,464678309900.0,464.6783099,0.981,0.695,0.10967634783973994,0.8903236521602601
15.0,827.134,449688687000.0,449.688687,1.01,0.707,0.1101221621652578,0.8898778378347422
14.5,855.655,434699064100.0,434.6990641,1.03,0.717,0.11110900155318595,0.8888909984468141
14.0,886.215,419709441200.0,419.7094412,1.06,0.724,0.11069647567335379,0.8893035243266462
13.0,954.385,389730195400.0,389.7301954,1.08,0.724,0.10938412262791056,0.8906158773720895
12.0,1033.917,359750949600.0,359.7509496,1.09,0.731,0.11065075275458593,0.8893492472454141
11.0,1127.909,329771703800.0,329.7717038,1.07,0.754,0.11814688870684069,0.8818531112931594
10.0,1240.7,299792458000.0,299.792458,1.04,0.818,0.1388454401452039,0.861154559854796
9.5,1306.0,284802835100.0,284.8028351,1.03,0.867,0.15445361798419688,0.8455463820158031
9.0,1378.556,269813212200.0,269.8132122,1.03,0.921,0.17088285480327484,0.8291171451967252
8.5,1459.648,254823589300.0,254.8235893,1.03,0.979,0.18887115474231794,0.811128845257682
8.0,1550.876,239833966400.0,239.8339664,1.03,1.03,0.20490949091049437,0.7950905090895056
7.5,1654.267,224844343500.0,224.8443435,1.01,1.09,0.22726751080677868,0.7727324891932214
7.0,1772.429,209854720600.0,209.8547206,0.972,1.2,0.2703776321201985,0.7296223678798015
6.5,1908.77,194865097700.0,194.8650977,0.958,1.37,0.3289747041675014,0.6710252958324986
6.0,2067.834,179875474800.0,179.8754748,1.04,1.59,0.37814849694306174,0.6218515030569383
5.8,2139.139,173879625640.0,173.87962564,1.1,1.67,0.3887955104252039,0.6112044895747961
5.6,2215.536,167883776480.0,167.88377648,1.18,1.74,0.3933161953727507,0.6066838046272494
5.4,2297.593,161887927320.0,161.88792732,1.28,1.78,0.3880575608356838,0.6119424391643162
5.2,2385.962,155892078160.0,155.89207816,1.38,1.8,0.3800817573334532,0.6199182426665468
5.0,2481.401,149896229000.0,149.896229,1.47,1.78,0.36564789142653714,0.6343521085734629
4.8,2584.793,143900379840.0,143.90037984,1.53,1.71,0.3436997319034852,0.6563002680965149
4.6,2697.175,137904530680.0,137.90453068,1.52,1.67,0.3347411727375182,0.6652588272624818
4.4,2819.774,131908681520.00002,131.90868152000002,1.49,1.64,0.32956117754254916,0.6704388224574509
4.2,2954.049,125912832360.0,125.91283236,1.42,1.64,0.33536157266557454,0.6646384273344255
4.0,3101.751,119916983200.0,119.9169832,1.34,1.72,0.3644771164334835,0.6355228835665165
3.8,3265.001,113921134040.0,113.92113404,1.34,1.81,0.3875475621879178,0.6124524378120821
3.6,3446.39,107925284880.0,107.92528488,1.31,1.87,0.4067700667949734,0.5932299332050266
3.4,3649.119,101929435720.0,101.92943572,1.27,1.95,0.432744489358376,0.5672555106416239
3.2,3877.189,95933586560.0,95.93358656,1.18,2.21,0.510195610439475,0.48980438956052497
3.0,4135.668,89937737400.0,89.9377374,1.18,2.21,0.510195610439475,0.48980438956052497
2.8,4431.073,83941888240.0,83.94188824,1.17,2.36,0.5446806440628497,0.45531935593715034
2.6,4771.925,77946039080.0,77.94603908,1.15,2.5,0.5769142331570477,0.4230857668429523
2.4,5169.585,71950189920.0,71.95018992,1.12,2.6,0.601933466022178,0.398066533977822
2.3,5394.35,68952265340.0,68.95226534,1.04,2.59,0.6172847456691537,0.3827152543308463
2.2,5639.547,65954340760.00001,65.95434076000001,0.826,2.6,0.6726857874700474,0.32731421252995263
2.1,5908.097,62956416180.0,62.95641618,0.468,2.81,0.8137521733887672,0.18624782661123285
2.0,6203.502,59958491600.0,59.9584916,0.272,3.24,0.9101983032761772,0.08980169672382277
1.9,6530.002,56960567020.0,56.96056702,0.214,3.67,0.942714487399061,0.05728551260093895
1.85,6706.489,55461604730.0,55.46160473,0.215,3.86,0.9474835618968815,0.05251643810311846
1.8,6892.78,53962642440.0,53.96264244,0.213,4.05,0.9523326482923199,0.047667351707680106
1.75,7089.717,52463680150.0,52.46368015,0.214,4.24,0.9559928757812549,0.044007124218745086
1.7,7298.238,50964717860.0,50.96471786,0.223,4.43,0.9577664093242678,0.04223359067573218
1.5,8271.336,44968868700.0,44.9688687,0.26,5.26,0.9644507643085674,0.035549235691432646
1.0,12407.004,29979245800.0,29.9792458,0.433,8.46,0.9764754104405905,0.023524589559409503
0.98,12660.208,29379660884.0,29.379660884,0.496,6.78,0.9588436526789297,0.04115634732107032
0.96,12923.963,28780075968.0,28.780075968,0.505,6.92,0.9597219819775809,0.04027801802241915
0.94,13198.94,28180491052.0,28.180491052,0.515,7.06,0.9604900954327221,0.039509904567277876
0.92,13485.874,27580906136.0,27.580906136,0.525,7.21,0.9613328920372917,0.038667107962708336
0.9,13785.56,26981321220.0,26.98132122,0.536,7.36,0.9620724947467575,0.03792750525324251
0.88,14098.868,26381736304.0,26.381736304,0.547,7.53,0.9629743127187178,0.037025687281282194
0.86,14426.749,25782151388.0,25.782151388,0.559,7.7,0.9637721553077333,0.0362278446922667
0.84,14770.243,25182566472.0,25.182566472,0.572,7.88,0.9645631641773734,0.03543683582262658
0.82,15130.493,24582981556.0,24.582981556,0.586,8.06,0.9652632650313885,0.034736734968611516
0.8,15508.755,23983396640.0,23.98339664,0.606,8.26,0.9657660172811564,0.03423398271884359
0.78,15906.415,23383811724.0,23.383811724,0.627,8.47,0.9662848978025751,0.03371510219742491
0.76,16325.005,22784226808.0,22.784226808,0.649,8.69,0.9668180480317957,0.03318195196820428
0.74,16766.222,22184641892.0,22.184641892,0.672,8.92,0.9673635836650074,0.03263641633499259
0.72,17231.95,21585056976.0,21.585056976,0.697,9.16,0.9678747841126151,0.03212521588738493
0.7,17724.291,20985472060.0,20.98547206,0.723,9.41,0.9683992547425349,0.031600745257465146
0.68,18245.594,20385887144.0,20.385887144,0.752,9.68,0.9689165979414852,0.031083402058514786
0.66,18798.491,19786302228.0,19.786302228,0.782,9.97,0.9695056634066324,0.030494336593367644
0.64,19385.944,19186717312.0,19.186717312,0.815,10.3,0.9701967994013763,0.029803200598623736
0.62,20011.297,18587132396.0,18.587132396,0.85,10.6,0.9706345950381102,0.029365404961889774
0.6,20678.34,17987547480.0,17.98754748,0.89,11.0,0.9714221723804929,0.028577827619507112
0.58,21391.386,17387962564.0,17.387962564,0.933,11.3,0.9716038979021955,0.02839610209780452
0.56,22155.364,16788377648.000002,16.788377648,0.98,11.8,0.9726181262416144,0.027381873758385633
0.54,22975.933,16188792732.000002,16.188792732000003,1.03,12.2,0.9730650120390243,0.02693498796097571
0.52,23859.623,15589207816.0,15.589207816,1.09,12.7,0.9736807315790778,0.02631926842092225
0.5,24814.008,14989622900.0,14.9896229,1.15,13.2,0.9742819204696346,0.025718079530365423
0.48,25847.925,14390037984.0,14.390037984,1.22,13.7,0.974664933360468,0.025335066639532
0.46,26971.748,13790453068.0,13.790453068,1.29,14.4,0.975729536730477,0.02427046326952298
0.44,28197.736,13190868152.0,13.190868152,1.37,15.0,0.9762376478046493,0.023762352195350722
0.42,29540.486,12591283236.0,12.591283236,1.47,15.7,0.9767212516365396,0.023278748363460444
0.4,31017.51,11991698320.0,11.99169832,1.59,16.5,0.9772008771209726,0.02279912287902741
0.38,32650.011,11392113404.0,11.392113404,1.73,17.4,0.9776927394057435,0.022307260594256473
0.36,34463.9,10792528488.0,10.792528488,1.9,18.4,0.9780960889990489,0.021903911000951126
0.34,36491.188,10192943572.0,10.192943572,2.09,19.6,0.9787659944004201,0.021234005599579886
0.32,38771.888,9593358656.0,9.593358656,2.32,20.8,0.9790831947895516,0.020916805210448364
0.3,41356.68,8993773740.0,8.99377374,2.59,22.2,0.9795146838785506,0.020485316121449437
0.28,44310.729,8394188824.000001,8.394188824,2.92,23.7,0.9797593441472966,0.020240655852703404
0.26,47719.246,7794603908.0,7.794603908,3.32,25.4,0.979994649171224,0.02000535082877597
0.24,51695.85,7195018992.0,7.195018992,3.81,27.5,0.9804461485777075,0.01955385142229249
0.22,56395.473,6595434076.0,6.595434076,4.44,30.0,0.980894877073164,0.01910512292683597
0.2,62035.02,5995849160.0,5.99584916,5.23,33.0,0.9814508239797578,0.018549176020242197
0.18,68927.8,5396264244.0,5.396264244,6.23,36.3,0.9818097263801816,0.018190273619818398
0.16,77543.775,4796679328.0,4.796679328,7.66,40.3,0.9819667708324996,0.018033229167500386
0.15,82713.36,4496886870.0,4.49688687,8.57,42.6,0.9820179443919094,0.01798205560809063
0.14,88621.457,4197094412.0000005,4.197094412,9.64,45.1,0.9820418926876413,0.017958107312358695
0.13,95438.492,3897301954.0,3.897301954,10.8,47.5,0.9819661113175175,0.018033888682482457
